{
  "schema": "coursing-stats/show-judges-strictness-baseline-v1",
  "graded": 721253,
  "excellent_rate": 0.7751732055187293,
  "below_excellent_rate": 0.2248267944812708,
  "grades": {
    "excellent": 559096,
    "very_good": 56961,
    "good": 5222,
    "satisfactory": 670,
    "very_promising": 94439,
    "promising": 4449,
    "dq": 416
  }
}